{
    "goals": [
        "Add new features",
        "Improve memory efficiency",
        "Experiment with new logic",
        "Experiment with new logic",
        "Add new features",
        "Improve memory efficiency",
        "Develop a sales and monetization strategy",
        "Enhance customer engagement and acquisition"
    ],
    "past_performance": [
        0.0026285648345947266,
        0.002065896987915039,
        0.002045154571533203,
        0.002428770065307617,
        0.0024576187133789062,
        0.002435445785522461,
        0.004290342330932617,
        0.004001140594482422
    ],
    "revenue": 409.19984082218957,
    "engagement": 87.31223780004063,
    "efficiency": 5.689763716903201,
    "training_data": [
        {
            "features": [
                206.69640859170565,
                81.20425207105296,
                31.442085148967728,
                7
            ],
            "target": 319.34274581172633
        },
        {
            "features": [
                409.19984082218957,
                87.31223780004063,
                5.689763716903201,
                3
            ],
            "target": 502.2018423391334
        }
    ]
}